[
  {
    "id": "c0ef5d7d-1a11-4bc7-b084-8e56bf33db6d",
    "data": [
      {
        "text": "domani",
        "alias": "date",
        "meta": "@sys.date",
        "userDefined": false
      },
      {
        "text": " ",
        "userDefined": false
      },
      {
        "text": "alle 2",
        "alias": "time",
        "meta": "@sys.time",
        "userDefined": false
      },
      {
        "text": " ",
        "userDefined": false
      },
      {
        "text": "per 3 persone",
        "alias": "num_persone",
        "meta": "@sys.number",
        "userDefined": false
      }
    ],
    "isTemplate": false,
    "count": 0,
    "updated": 0
  },
  {
    "id": "3e6ef2b6-8890-4ba6-881f-93b9eda47458",
    "data": [
      {
        "text": "venerdi",
        "alias": "date",
        "meta": "@sys.date",
        "userDefined": false
      }
    ],
    "isTemplate": false,
    "count": 0,
    "updated": 0
  },
  {
    "id": "5a804eec-859e-4598-9621-6c5d5fd3a9d1",
    "data": [
      {
        "text": "il 24 giugno",
        "alias": "date",
        "meta": "@sys.date",
        "userDefined": false
      }
    ],
    "isTemplate": false,
    "count": 0,
    "updated": 0
  },
  {
    "id": "2771e850-f2eb-495a-ba4a-599894069a1a",
    "data": [
      {
        "text": "domani",
        "alias": "date",
        "meta": "@sys.date",
        "userDefined": false
      }
    ],
    "isTemplate": false,
    "count": 0,
    "updated": 0
  }
]