[
  {
    "id": "173349bf-55fa-4e13-be90-deaad6ac950a",
    "data": [
      {
        "text": "saremo ",
        "userDefined": false
      },
      {
        "text": "3",
        "alias": "num_persone",
        "meta": "@sys.number",
        "userDefined": false
      }
    ],
    "isTemplate": false,
    "count": 0,
    "updated": 0
  },
  {
    "id": "d01aa72e-a15b-4e8b-a4da-170b7b04afad",
    "data": [
      {
        "text": "4",
        "alias": "num_persone",
        "meta": "@sys.number",
        "userDefined": false
      }
    ],
    "isTemplate": false,
    "count": 0,
    "updated": 0
  }
]