[
  {
    "id": "93d91ebc-ca78-4aea-a7a6-3f352a2a3d3f",
    "data": [
      {
        "text": "a mezzogiorno",
        "alias": "time",
        "meta": "@sys.time",
        "userDefined": false
      },
      {
        "text": " ",
        "userDefined": false
      },
      {
        "text": "per 3 persone",
        "alias": "number",
        "meta": "@sys.number",
        "userDefined": false
      }
    ],
    "isTemplate": false,
    "count": 0,
    "updated": 0
  },
  {
    "id": "7996116e-736f-4c0a-ae49-b0f8f87145de",
    "data": [
      {
        "text": "alle 12",
        "alias": "time",
        "meta": "@sys.time",
        "userDefined": false
      }
    ],
    "isTemplate": false,
    "count": 0,
    "updated": 0
  }
]